id;stopage_name;status;created_by;created_on;updated_by;updated_on;branch_id
1;synergize Rustic Granite Soap;connect SQL;protocol Comoro Franc;2020-05-25;Venezuela;2020-05-25;12950
2;TCP engineer Investment Account;Wooden Marketing;Re-engineered system engine;2020-05-25;transmitter architect;2020-05-25;68988
3;Markets dynamic optimizing;SAS Planner generating;Specialist;2020-05-25;invoice Multi-tiered Chief;2020-05-25;15133
4;Illinois;United Arab Emirates portals;Handmade;2020-05-25;ROI Mouse;2020-05-25;36102
5;Identity;Garden relationships Personal Loan Account;reciprocal matrix;2020-05-26;hard drive Georgia;2020-05-26;84580
6;Hat PCI;action-items;utilisation transform Wyoming;2020-05-25;value-added quantify;2020-05-25;30793
7;United States of America solution withdrawal;Savings Account teal;deposit gold orchid;2020-05-25;Buckinghamshire Computers Unbranded;2020-05-25;2425
8;Borders Concrete;optimize;Factors Sleek holistic;2020-05-26;Forward;2020-05-25;39236
9;Unbranded Soft Towels;zero defect Balboa US Dollar Berkshire;payment Toys supply-chains;2020-05-25;silver deposit solid state;2020-05-26;35609
10;quantify;Investment Account;Wooden;2020-05-25;Digitized Meadow toolset;2020-05-25;3824
